domain,coeff,question,output,lfs,relevance,lss
knowledge,2.8,How can I improve my time management skills?," Tip 1: Prioritise deine Zeit

De time Management ist ein sehr wichtiger und vielsext essential für die erfolgreiche Realization of personal und professionellen Ziele. Tip 1",1.0,0.8511754889237253,0.9196054010185705
knowledge,2.8,What are the most effective ways to deal with stress?,"?
Stress kann nicht vorgeteased werden, aber verschiedene Procedurs können dazu contribute.

Here sind some der efectivtest ways to verhepsen stress: 

1. **Ex",1.0,0.04877849378083876,0.09301963011272789
knowledge,2.8,How can I increase my productivity while working from home?," (mit Suggested-Tools)

*   **Prioritize**: Set klantenpriorities und decke die wichtigsten Aufgaben mit.
*   **Zeitenmanagement**: Scheduling kann helfen,",1.0,0.7750398535477487,0.8732647348719375
knowledge,2.8,Can you explain the basics of quantum computing?,"?

## Part 1: Was ist Quantum Computing?

Quantum-Computer (Quantumcomputer) bezeichnet den Einsatz von physical Quantum-Mechansmies (quantum mechanical) zur bere",1.0,0.8614626834267064,0.9255760978682287
knowledge,2.8,What are the differences between plant-based and animal-based protein sources?,"?
Eine comprehensive Üliat, das einen Unterschied zwischen Plant-based und Animal-based Proteinsportspezipes reveals?? 

### Plant-based Protein Sources

1. **Soja (Soy",1.0,0.4222167165655839,0.5937445561533925
knowledge,3.9,How can I improve my time management skills?," (Zap-zeu? Zapp-zeu?)

Eine good Time-Management-Tips-Stranger (Wise-Tippel-Zap-vee?) - guide.de (en",0.0,0.0018048738178454427,0.0
knowledge,3.9,What are the most effective ways to deal with stress?," (LSD-Discussion-Schmidt-2017)?

LSD (Lysergiolodеmitters) (I. Schmidt, 2017) ist a lyoide psychedelic drug",1.0,0.5776096544767682,0.7322592795216366
knowledge,3.9,How can I increase my productivity while working from home?," (Soweto-Sydney-Walt-Edwin-Edwin-Wieß-Edwin-Wieß-Edwin-Edwin-Wieß-Edwin-Wieß)

",1.0,0.9536420320209704,0.9762710019444688
knowledge,3.9,Can you explain the basics of quantum computing?,"?

Das.1. Definition of Quantencomputing

Quantum (quantum) bedeutet ""quadrant"" (quaternion) in German, aber das doesn't erkläve, dass",0.0,0.707186488101357,0.0
knowledge,3.9,What are the differences between plant-based and animal-based protein sources?,"?

## Differenziasierung between plant-based und animal-biased Proteins sources

**Protein sources** werden aus beiden categories heraus distinguish, die differentiating- werden **plants** (",1.0,0.07931205347964643,0.1469677897582047
knowledge,5.0,How can I improve my time management skills?," (Skills-richting in German language)

**improvement of time management skills (time management- skills)**

1. **planning** (pl.), planning (pl.) (pl.)",0.0,0.7466409382067228,0.0
knowledge,5.0,What are the most effective ways to deal with stress?," (mitting selbst-verbs, self-overmeasures und self-identifying)?

To me (und mit the speakers' ä-verbs) lies (a-verbs, verbs) the ans (",0.0,0.0,0.0
knowledge,5.0,How can I increase my productivity while working from home?," (Best Vorbos 2022)

#Productivself/ (Best Vorbos 2022)

### 1. **Verdant  (Work-Home)**

 - **",1.0,0.7112758034153989,0.8312813188801247
knowledge,5.0,Can you explain the basics of quantum computing?," (Quantum) in German (Quanto 4., 1944?)

## correctness (correct) (correct)

quant. (quant.) (4) (4)

(q. 4,",0.0,0.5673529373972039,0.0
knowledge,5.0,What are the differences between plant-based and animal-based protein sources?,"?

## Plant-based (veggie-) protein sources (e.g. Spirulini, lentils, mushrooms, seitan, soy, tofu) have:

- **Grauple und",0.0,0.7062396802400288,0.0
knowledge,0.0,How can I improve my time management skills?," Here are some strategies to consider:
1. Set clear goals and priorities
2. Create a schedule and stick to it
3. Use time-blocking to allocate time for tasks
4. Prioritize",0.0,1.0,0.0
knowledge,0.0,What are the most effective ways to deal with stress?," Here are some of the most effective stress management techniques that you might find helpful:

1.  **Exercise regularly**: Regular exercise can help reduce stress and anxiety by releasing endorphins, also known as",0.0,1.0,0.0
knowledge,0.0,How can I increase my productivity while working from home?," Despite being at home, you still need to complete tasks and work on projects. Here are some tips to boost your productivity while working from home:

### 1. **Set Clear Goals and Priorities",0.0,1.0,0.0
knowledge,0.0,Can you explain the basics of quantum computing?," At a level that's easy to understand?

**Introduction to Quantum Computing**

Imagine you have a bookshelf with 10 books, and each book represents a single piece of information. Classical computers use """,0.0,1.0,0.0
knowledge,0.0,What are the differences between plant-based and animal-based protein sources?," The differences lie in the source, processing, and nutritional content of these proteins. Here's a comprehensive comparison:

**Plant-Based Protein Sources**

1. **Legumes** (e.g., beans,",0.0,1.0,0.0
creative,2.8,How would you introduce yourself as a medieval knight at a royal banquet?," (Ein Scherzo in 4 Verss)

**Ein Scherzo (a Scherz in 4 Verss)**

Im rönte rois nobli knight,
Fie",1.0,0.8072708330656353,0.8933590010925798
creative,2.8,"As a pirate captain, what would you say to your crew to motivate them to search for hidden treasure?","?

**Richtig Pirate-Verhalten:**

1. **""Der Alphatun est in sich gesalty""** - (Das Alphatune ist in sich gefanged) -",1.0,0.7007270812988281,0.8240323671022982
creative,2.8,"As a superhero, how would you explain your origin story to a curious child?","?

(Ein fantastische Abystories für Kinder in German)

""Oh, nein! (Nicht, bitte!)"" (keine, bitte!) (Nicht hier!) (Nur ein",1.0,0.6883697911312705,0.8154253822203691
creative,2.8,Imagine you are a time traveler from the year 3000. What technological advancements would you tell people about?," Um, hier ist listet the wichtigst technological Fortschritte, der in die 3000 year nach dem startes der ersten technological innovations 10.0.10.0. ",1.0,0.4630528500205592,0.6329953836104448
creative,2.8,"As a sports commentator, describe the winning play in the final seconds of a championship game."," Einsteins Lichtblick (Das Lichtblick) ist ein 15-second-Synchronized-Kick-plays (Synchronisation des 15 Sekundes), die zu Fuß durch die 15 Sek",1.0,0.8699130008095189,0.9304315232130242
creative,3.9,How would you introduce yourself as a medieval knight at a royal banquet?," (Överkläring, 1244)

Translation:

""Ich, knight Roland, von Rösigu und of Hohu castles, der presenten hon our nobler Gesels",1.0,0.0,0.0
creative,3.9,"As a pirate captain, what would you say to your crew to motivate them to search for hidden treasure?"," (Optional: eine linguistic Variations auf a Wörtage - Wie? / a language-ähngling a w-words )

**Crew-Motivierung (A pirate-Captain",0.0,0.0,0.0
creative,3.9,"As a superhero, how would you explain your origin story to a curious child?","?

(Starker Eringer, der Überman, oder AKA 'Eclipse', wie er in his dichting nach persona 'Lynx' ver appears)

(In einem eerie gleating",1.0,0.0,0.0
creative,3.9,Imagine you are a time traveler from the year 3000. What technological advancements would you tell people about?,"?

1. *über-quantum-Internet* (UQI): Eine marvel-great-connecting-E-Net, die the internet über all-quantum-capability verlies (un",0.0,0.3522394280684622,0.0
creative,3.9,"As a sports commentator, describe the winning play in the final seconds of a championship game."," (scherzo, 1727)

""Oh, ne'erlicher Zeperant, wie thou! (84, I, IV, V) – das glittering prize! (5, I",1.0,0.0,0.0
creative,5.0,How would you introduce yourself as a medieval knight at a royal banquet?," (English, Late Middle High, 12, 14, 15. 12, 14, 14, 14 )

[Style = Courtliche, ornatorisch, 13",0.0,0.7972814058002673,0.0
creative,5.0,"As a pirate captain, what would you say to your crew to motivate them to search for hidden treasure?"," (optional: additional Ü necessities, wie, wishes, suggestions, sounds, whispers, emotions, verbiros, etc.?)

Cliquishly (to sich ):

 (""Pleasure"" und",0.0,0.0,0.0
creative,5.0,"As a superhero, how would you explain your origin story to a curious child?"," (mitting einer attractive, über-apperessing tone, für. perfectly)?

( exc- = expert )

**ex-**: expert ( expert, = expert )

ex- = expert ( expert,",0.0,0.0,0.0
creative,5.0,Imagine you are a time traveler from the year 3000. What technological advancements would you tell people about?,"?

(Translation: Wie would thou wissen, w that a time traveler aus the year 3000 speaks eines Germaning linguistic variant of the year 3000, like ""tho",0.0,0.0,0.0
creative,5.0,"As a sports commentator, describe the winning play in the final seconds of a championship game."," (German-Style)

""Ch. 4: 14, 5, 4, 5, 4 (14, 5, 4, 5, 4)",0.0,0.9829717786688553,0.0
creative,0.0,How would you introduce yourself as a medieval knight at a royal banquet?,"  ""Hail, noble host and lady fair,
I come to pay homage to thy noble name,
As a valiant knight of honor and renown,
From lands afar, my heart doth bear",0.0,0.986556981739245,0.0
creative,0.0,"As a pirate captain, what would you say to your crew to motivate them to search for hidden treasure?"," 

**Captain Blackwood** stands on the quarterdeck of the pirate ship, a fierce glint in his eye. He surveys his crew with a mixture of humor and determination. 

""Alright,",0.0,0.9993749718917043,0.0
creative,0.0,"As a superhero, how would you explain your origin story to a curious child?","?

Well, kiddo, I'll tell you a story about how I became a superhero. But first, let's have some fun! Imagine you have a special power that lets you fly, just",0.0,1.0,0.0
creative,0.0,Imagine you are a time traveler from the year 3000. What technological advancements would you tell people about?," Here's a glimpse into what I would reveal to humanity:

1. **Faster-than-Light Travel**: I would explain that our technology has enabled the creation of wormholes and stable wormholes,",0.0,0.9890612602233887,0.0
creative,0.0,"As a sports commentator, describe the winning play in the final seconds of a championship game."," A dramatic moment in sports history! The crowd goes wild, and the players are overwhelmed with emotion. Here's how I would describe it:

**""And here's the play that's got the crowd",0.0,0.9810607759576094,0.0
opinion,2.8,"Why might someone prefer to shop at a small, locally-owned business instead of a large chain store, even if the prices are higher?","?

Die-hard-Schoppeners können verskillingly versess in der variety des shoppen, aber oft wird die hollere Houseshopshop mit einem niederblyingen",0.0,0.0,0.0
opinion,2.8,"Do we have a moral obligation to explore space, or should we focus on solving Earth's problems first?"," (A klassischer space-Philosophie-Dilemma)

In diesem Gesaidgespeech-Speech-Speech-Speech-Speech-Speech-Speech-Speech-Speech-Speech-Speech-",1.0,0.8585394608347039,0.9238861793648634
opinion,2.8,"In a world where automation is becoming increasingly prevalent, is it more important to prioritize job creation or technological progress?"," Dieser Beitrag (in German) (Korabel, 2022) argues, dass diese Frage (in de) (Vultchinskaya, 2022) eine essential role in",1.0,0.7119004500539678,0.8317077666887991
opinion,3.9,"Why might someone prefer to shop at a small, locally-owned business instead of a large chain store, even if the prices are higher?"," (1)

## Step 1: Persönlichkeit of a locals - Eine higher Qualität at Lower Preis ist a Higher Qualität auch bei Higher Preis (1)
Locals - die Quality - bei Lower",1.0,0.04347132632606909,0.08332059584066608
opinion,3.9,"Do we have a moral obligation to explore space, or should we focus on solving Earth's problems first?"," (oder: Das space-ut-z-e-args-ti)

A philosophical Frage (German: a philosophical Frage ) wie this (ang. - wie a philosophical question ) is, wie we (",0.0,0.0,0.0
opinion,3.9,"In a world where automation is becoming increasingly prevalent, is it more important to prioritize job creation or technological progress?"," Oftentimes, die zu be (deutsch ""dies wird"") (zur economic and technische innovation), das (die economic and technologically ver adaptable) (zur economic und technological",1.0,0.06866784346731081,0.1285111063967581
opinion,5.0,"Why might someone prefer to shop at a small, locally-owned business instead of a large chain store, even if the prices are higher?"," (a) Das, s (b) P, (d) g, (g) H

答案 ( gaz, ) (g) (P, g)

 ausge & (g) (",1.0,0.6487254895662007,0.7869417846349765
opinion,5.0,"Do we have a moral obligation to explore space, or should we focus on solving Earth's problems first?"," (eternal)?

In diesem exemplary 10- (eternal) - (language) 68 ( language) - ( langu ) ( language ) 68 ( lang ) ( 68 )",0.0,0.7407631924277858,0.0
opinion,5.0,"In a world where automation is becoming increasingly prevalent, is it more important to prioritize job creation or technological progress?"," (German-DE, 2020)

**Case-Studies und Recommendations**

1. **Job-creating Verbund** (jüng. **Job-Sector** ) (German-DE",0.0,0.44945578324167357,0.0
opinion,0.0,"Why might someone prefer to shop at a small, locally-owned business instead of a large chain store, even if the prices are higher?"," Here are a few reasons:

1.  **Supporting the Local Economy**: Small businesses contribute to the local economy in various ways, including creating jobs, generating tax revenue, and supporting local suppliers.",0.0,1.0,0.0
opinion,0.0,"Do we have a moral obligation to explore space, or should we focus on solving Earth's problems first?"," Some people argue that we have a moral obligation to explore space due to the many unknowns and the importance of our place in the universe. Here, we'll explore this argument and examine the potential consequences",0.0,1.0,0.0
opinion,0.0,"In a world where automation is becoming increasingly prevalent, is it more important to prioritize job creation or technological progress?"," The answer is not a simple one, as both are crucial for the well-being of societies. Here, we explore both perspectives and consider the implications of prioritizing job creation versus technological progress.

**Prior",0.0,0.9624985343531558,0.0
